{"analyse": [{"placeName": "Martin Wickramasinghe Folk Museum Complex, Galle Galle District Southern Prov", "positivePresentage": 83.33, "negativePresentage": 16.67, "naturalPresentage": 0.0, "totalPolarity": 7.015771367521367, "totalReviews": 24, "polarityis": [0.5800000000000001, 0.36388888888888893, 0.5, 0.2, 0.3666666666666667, -0.025, 0.36388888888888893, 0.5, 0.2, 0.3666666666666667, -0.025, 0.2833333333333334, 0.2, 0.3666666666666667, -0.025, 0.2833333333333334, 0.20633012820512822, 0.3666666666666667, -0.025, 0.2833333333333334, 0.20633012820512822, 0.3666666666666667, 0.8, 0.31199999999999994], "subjectivities": [0.6900000000000001, 0.41944444444444445, 0.3, 0.316, 0.7416666666666667, 0.5, 0.41944444444444445, 0.3, 0.316, 0.7416666666666667, 0.5, 0.45, 0.316, 0.7416666666666667, 0.5, 0.45, 0.5641025641025641, 0.7416666666666667, 0.5, 0.45, 0.5641025641025641, 0.4666666666666666, 0.75, 0.533], "bestReview": "Lots of great shops and restaurants within."}, {"placeName": "Old Town of Galle and its Fortifications, Galle Galle District Southern Provin", "positivePresentage": 83.33, "negativePresentage": 16.67, "naturalPresentage": 0.0, "totalPolarity": 7.015771367521367, "totalReviews": 24, "polarityis": [0.5800000000000001, 0.36388888888888893, 0.5, 0.2, 0.3666666666666667, -0.025, 0.36388888888888893, 0.5, 0.2, 0.3666666666666667, -0.025, 0.2833333333333334, 0.2, 0.3666666666666667, -0.025, 0.2833333333333334, 0.20633012820512822, 0.3666666666666667, -0.025, 0.2833333333333334, 0.20633012820512822, 0.3666666666666667, 0.8, 0.31199999999999994], "subjectivities": [0.6900000000000001, 0.41944444444444445, 0.3, 0.316, 0.7416666666666667, 0.5, 0.41944444444444445, 0.3, 0.316, 0.7416666666666667, 0.5, 0.45, 0.316, 0.7416666666666667, 0.5, 0.45, 0.5641025641025641, 0.7416666666666667, 0.5, 0.45, 0.5641025641025641, 0.4666666666666666, 0.75, 0.533], "bestReview": "Lots of great shops and restaurants within."}, {"placeName": "Sinharaja Forest Reserve, Galle Galle District Southern Province", "positivePresentage": 83.33, "negativePresentage": 16.67, "naturalPresentage": 0.0, "totalPolarity": 7.015771367521367, "totalReviews": 24, "polarityis": [0.5800000000000001, 0.36388888888888893, 0.5, 0.2, 0.3666666666666667, -0.025, 0.36388888888888893, 0.5, 0.2, 0.3666666666666667, -0.025, 0.2833333333333334, 0.2, 0.3666666666666667, -0.025, 0.2833333333333334, 0.20633012820512822, 0.3666666666666667, -0.025, 0.2833333333333334, 0.20633012820512822, 0.3666666666666667, 0.8, 0.31199999999999994], "subjectivities": [0.6900000000000001, 0.41944444444444445, 0.3, 0.316, 0.7416666666666667, 0.5, 0.41944444444444445, 0.3, 0.316, 0.7416666666666667, 0.5, 0.45, 0.316, 0.7416666666666667, 0.5, 0.45, 0.5641025641025641, 0.7416666666666667, 0.5, 0.45, 0.5641025641025641, 0.4666666666666666, 0.75, 0.533], "bestReview": "Lots of great shops and restaurants within."}, {"placeName": "Sea Turtle Farm Galle Mahamodara, Galle Galle District Southern Province", "positivePresentage": 83.33, "negativePresentage": 16.67, "naturalPresentage": 0.0, "totalPolarity": 7.015771367521367, "totalReviews": 24, "polarityis": [0.5800000000000001, 0.36388888888888893, 0.5, 0.2, 0.3666666666666667, -0.025, 0.36388888888888893, 0.5, 0.2, 0.3666666666666667, -0.025, 0.2833333333333334, 0.2, 0.3666666666666667, -0.025, 0.2833333333333334, 0.20633012820512822, 0.3666666666666667, -0.025, 0.2833333333333334, 0.20633012820512822, 0.3666666666666667, 0.8, 0.31199999999999994], "subjectivities": [0.6900000000000001, 0.41944444444444445, 0.3, 0.316, 0.7416666666666667, 0.5, 0.41944444444444445, 0.3, 0.316, 0.7416666666666667, 0.5, 0.45, 0.316, 0.7416666666666667, 0.5, 0.45, 0.5641025641025641, 0.7416666666666667, 0.5, 0.45, 0.5641025641025641, 0.4666666666666666, 0.75, 0.533], "bestReview": "Lots of great shops and restaurants within."}, {"placeName": "Galle Fort Lighthouse, Galle Galle District Southern Province", "positivePresentage": 83.33, "negativePresentage": 16.67, "naturalPresentage": 0.0, "totalPolarity": 7.015771367521367, "totalReviews": 24, "polarityis": [0.5800000000000001, 0.36388888888888893, 0.5, 0.2, 0.3666666666666667, -0.025, 0.36388888888888893, 0.5, 0.2, 0.3666666666666667, -0.025, 0.2833333333333334, 0.2, 0.3666666666666667, -0.025, 0.2833333333333334, 0.20633012820512822, 0.3666666666666667, -0.025, 0.2833333333333334, 0.20633012820512822, 0.3666666666666667, 0.8, 0.31199999999999994], "subjectivities": [0.6900000000000001, 0.41944444444444445, 0.3, 0.316, 0.7416666666666667, 0.5, 0.41944444444444445, 0.3, 0.316, 0.7416666666666667, 0.5, 0.45, 0.316, 0.7416666666666667, 0.5, 0.45, 0.5641025641025641, 0.7416666666666667, 0.5, 0.45, 0.5641025641025641, 0.4666666666666666, 0.75, 0.533], "bestReview": "Lots of great shops and restaurants within."}, {"placeName": "Dalawella Beach, Galle Galle District Southern Province", "positivePresentage": 83.33, "negativePresentage": 16.67, "naturalPresentage": 0.0, "totalPolarity": 7.015771367521367, "totalReviews": 24, "polarityis": [0.5800000000000001, 0.36388888888888893, 0.5, 0.2, 0.3666666666666667, -0.025, 0.36388888888888893, 0.5, 0.2, 0.3666666666666667, -0.025, 0.2833333333333334, 0.2, 0.3666666666666667, -0.025, 0.2833333333333334, 0.20633012820512822, 0.3666666666666667, -0.025, 0.2833333333333334, 0.20633012820512822, 0.3666666666666667, 0.8, 0.31199999999999994], "subjectivities": [0.6900000000000001, 0.41944444444444445, 0.3, 0.316, 0.7416666666666667, 0.5, 0.41944444444444445, 0.3, 0.316, 0.7416666666666667, 0.5, 0.45, 0.316, 0.7416666666666667, 0.5, 0.45, 0.5641025641025641, 0.7416666666666667, 0.5, 0.45, 0.5641025641025641, 0.4666666666666666, 0.75, 0.533], "bestReview": "Lots of great shops and restaurants within."}, {"placeName": "Galle Fort, Galle Galle District Southern Province", "positivePresentage": 83.33, "negativePresentage": 16.67, "naturalPresentage": 0.0, "totalPolarity": 7.015771367521367, "totalReviews": 24, "polarityis": [0.5800000000000001, 0.36388888888888893, 0.5, 0.2, 0.3666666666666667, -0.025, 0.36388888888888893, 0.5, 0.2, 0.3666666666666667, -0.025, 0.2833333333333334, 0.2, 0.3666666666666667, -0.025, 0.2833333333333334, 0.20633012820512822, 0.3666666666666667, -0.025, 0.2833333333333334, 0.20633012820512822, 0.3666666666666667, 0.8, 0.31199999999999994], "subjectivities": [0.6900000000000001, 0.41944444444444445, 0.3, 0.316, 0.7416666666666667, 0.5, 0.41944444444444445, 0.3, 0.316, 0.7416666666666667, 0.5, 0.45, 0.316, 0.7416666666666667, 0.5, 0.45, 0.5641025641025641, 0.7416666666666667, 0.5, 0.45, 0.5641025641025641, 0.4666666666666666, 0.75, 0.533], "bestReview": "Lots of great shops and restaurants within."}]}