{"analyse": [{"placeName": "Independence Square", "placeID": "ChIJC46ViHtZ4joRCya8Jp8IxcE", "positivePresentage": 84.62, "negativePresentage": 7.69, "naturalPresentage": 7.69, "totalPolarity": 7.794444444444445, "totalReviews": 26, "polarityis": [0.25, 0.3, -0.1, 0.0, 0.5666666666666667, 0.5, 0.32499999999999996, 0.33749999999999997, -0.1, 0.0, 0.5666666666666667, 0.5, 0.32499999999999996, 0.33749999999999997, 0.19, 0.5666666666666667, 0.5, 0.32499999999999996, 0.33749999999999997, 0.19, 0.32222222222222224, 0.32499999999999996, 0.33749999999999997, 0.19, 0.32222222222222224, 0.38], "subjectivities": [0.27666666666666667, 0.1, 0.1, 0.0, 1.0, 0.7, 0.55, 0.6071428571428571, 0.1, 0.0, 1.0, 0.7, 0.55, 0.6071428571428571, 0.34, 1.0, 0.7, 0.55, 0.6071428571428571, 0.34, 0.5444444444444444, 0.55, 0.6071428571428571, 0.34, 0.5444444444444444, 0.5599999999999999], "bestReview": "We were here as part of Colombo Tour.  Nice place to visit.  Nice location to take snaps also :)  "}, {"placeName": "Viharamahadevi Park", "placeID": "ChIJiey0cW5Z4joR3EK-cBauPac", "positivePresentage": 82.98, "negativePresentage": 6.38, "naturalPresentage": 10.64, "totalPolarity": 11.05498862248862, "totalReviews": 47, "polarityis": [0.3523809523809524, 0.7749999999999999, 0.2777777777777778, 0.2, 0.0, 0.3, 0.2357142857142857, 0.3333333333333333, 0.3416666666666667, 0.7749999999999999, 0.2777777777777778, 0.2, 0.0, 0.3, 0.2357142857142857, 0.3333333333333333, 0.3416666666666667, 0.2010989010989011, 0.2777777777777778, 0.2, 0.0, 0.3, 0.2357142857142857, 0.3333333333333333, 0.3416666666666667, 0.2010989010989011, -0.4, 0.3103896103896104, 0.1594047619047619, 0.30000000000000004, 0.0, 0.24444444444444446, 0.31875, 0.2357142857142857, 0.3333333333333333, 0.3416666666666667, 0.2010989010989011, -0.4, 0.3103896103896104, 0.1594047619047619, 0.30000000000000004, 0.0, 0.24444444444444446, 0.31875, -0.04999999999999999, 0.6, 0.15714285714285714], "subjectivities": [0.5571428571428572, 0.8, 0.38888888888888884, 0.3, 0.0, 0.4, 0.5607142857142857, 0.35000000000000003, 0.7, 0.8, 0.38888888888888884, 0.3, 0.0, 0.4, 0.5607142857142857, 0.35000000000000003, 0.7, 0.4419413919413919, 0.38888888888888884, 0.3, 0.0, 0.4, 0.5607142857142857, 0.35000000000000003, 0.7, 0.4419413919413919, 0.6, 0.5298701298701299, 0.4371428571428571, 0.425, 0.022222222222222223, 0.26666666666666666, 0.325, 0.5607142857142857, 0.35000000000000003, 0.7, 0.4419413919413919, 0.6, 0.5298701298701299, 0.4371428571428571, 0.425, 0.022222222222222223, 0.26666666666666666, 0.325, 0.9, 1.0, 0.40595238095238095], "bestReview": "This is a beautiful laid out   lit park in the city. The park is well maintained. There is a kids playing area. A good place to go for walks. "}, {"placeName": "Dutch Hospital Shopping Precinct", "placeID": "ChIJewdvsyVZ4joR58SE2_jbA0s", "positivePresentage": 53.57, "negativePresentage": 39.29, "naturalPresentage": 7.14, "totalPolarity": 2.412762654012654, "totalReviews": 28, "polarityis": [0.4, 0.22499999999999998, 0.1142857142857143, 0.0, -0.10785256410256412, -0.25785714285714284, 0.27749999999999997, 0.22499999999999998, 0.1142857142857143, 0.0, -0.10785256410256412, -0.25785714285714284, 0.27749999999999997, 0.45909090909090905, -0.10785256410256412, -0.25785714285714284, 0.27749999999999997, 0.45909090909090905, 0.16095238095238096, -0.15, -0.15, -0.25785714285714284, 0.27749999999999997, 0.45909090909090905, 0.16095238095238096, -0.15, -0.15, 0.48], "subjectivities": [0.7, 0.73125, 0.45952380952380945, 0.0, 0.475, 0.5971428571428571, 0.5725, 0.73125, 0.45952380952380945, 0.0, 0.475, 0.5971428571428571, 0.5725, 0.575, 0.475, 0.5971428571428571, 0.5725, 0.575, 0.47714285714285715, 0.39999999999999997, 0.1, 0.5971428571428571, 0.5725, 0.575, 0.47714285714285715, 0.39999999999999997, 0.1, 0.52], "bestReview": "The Dutch Hospital us a wonderful place to spend the evening for dinner and party. Lots of restaurants and bars with life entertainment. The restaurants are pricy but it was worth it. Also some nice shops around the area. Lots of local Tuk Tuk drivers offering services but better ignore them as they will run after you."}, {"placeName": "Gangaramaya Vihara Buddhist Temple", "placeID": "ChIJQ9yCmWtZ4joRNu1evW41NTo", "positivePresentage": 60.0, "negativePresentage": 10.0, "naturalPresentage": 30.0, "totalPolarity": 9.223333333333334, "totalReviews": 50, "polarityis": [0.6075, 0.4375, 0.0, 0.35, 0.0, 0.1, 0.39999999999999997, 0.5437500000000001, 0.0, 0.06770833333333331, -0.06, 0.4375, 0.0, 0.35, 0.0, 0.1, 0.39999999999999997, 0.5437500000000001, 0.0, 0.06770833333333331, -0.06, 0.483125, 0.0, 0.35, 0.0, 0.1, 0.39999999999999997, 0.5437500000000001, 0.0, 0.06770833333333331, -0.06, 0.483125, 0.0, 0.3, 0.16, 0.0, 0.0, 0.1, 0.39999999999999997, 0.5437500000000001, 0.0, 0.06770833333333331, -0.06, 0.483125, 0.0, 0.3, 0.16, 0.0, -0.05104166666666665, 0.16666666666666669], "subjectivities": [0.75, 0.6583333333333333, 0.0, 0.55, 0.0, 0.2, 0.4, 0.775, 0.0, 0.5791666666666666, 0.6085714285714285, 0.6583333333333333, 0.0, 0.55, 0.0, 0.2, 0.4, 0.775, 0.0, 0.5791666666666666, 0.6085714285714285, 0.771875, 0.0, 0.55, 0.0, 0.2, 0.4, 0.775, 0.0, 0.5791666666666666, 0.6085714285714285, 0.771875, 0.0, 0.1, 0.5399999999999999, 0.0, 0.0, 0.2, 0.4, 0.775, 0.0, 0.5791666666666666, 0.6085714285714285, 0.771875, 0.0, 0.1, 0.5399999999999999, 0.0, 0.4560630341880341, 0.5375000000000001], "bestReview": "Very nice temple. I alwys enjoy going there. Always a Hightlight to go there and enjoy this beautiful place."}, {"placeName": "Kelaniya Raja Maha Vihara", "placeID": "ChIJZRPdHihY4joRRH3j8j-i36Y", "positivePresentage": 68.09, "negativePresentage": 0.0, "naturalPresentage": 31.91, "totalPolarity": 14.570961295648797, "totalReviews": 47, "polarityis": [0.4015625, 0.13, 1.0, 0.25085470085470085, 0.815, 0.5171875, 0.0, 0.16666666666666666, 0.0, 0.47000000000000003, 0.0, 0.25085470085470085, 0.815, 0.5171875, 0.0, 0.16666666666666666, 0.0, 0.47000000000000003, 0.0, 0.5, 0.4000000000000001, 0.43333333333333335, 0.0, 0.815, 0.5171875, 0.0, 0.16666666666666666, 0.0, 0.47000000000000003, 0.0, 0.5, 0.4000000000000001, 0.43333333333333335, 0.0, 0.655, 0.5171875, 0.0, 0.16666666666666666, 0.0, 0.47000000000000003, 0.0, 0.5, 0.4000000000000001, 0.43333333333333335, 0.0, 0.655, 0.1672727272727273], "subjectivities": [0.6583333333333333, 0.26, 1.0, 0.4056980056980057, 1.0, 0.75, 0.0, 0.3333333333333333, 0.5, 0.6914285714285715, 1.0, 0.4056980056980057, 1.0, 0.75, 0.0, 0.3333333333333333, 0.5, 0.6914285714285715, 1.0, 0.5, 0.9, 0.8333333333333334, 0.0, 1.0, 0.75, 0.0, 0.3333333333333333, 0.5, 0.6914285714285715, 1.0, 0.5, 0.9, 0.8333333333333334, 0.0, 0.79, 0.75, 0.0, 0.3333333333333333, 0.5, 0.6914285714285715, 1.0, 0.5, 0.9, 0.8333333333333334, 0.0, 0.79, 0.26090909090909087], "bestReview": "A very beautiful sacred place."}, {"placeName": "Mount Lavinia Beach", "placeID": "ChIJodWylxBb4joRd_aoOLm_cm0", "positivePresentage": 88.0, "negativePresentage": 0.0, "naturalPresentage": 12.0, "totalPolarity": 8.350913715913716, "totalReviews": 25, "polarityis": [0.8166666666666668, 0.6383333333333333, 0.5007936507936508, 0.0, 0.3333333333333333, 0.13148148148148148, 0.6383333333333333, 0.5007936507936508, 0.0, 0.3333333333333333, 0.13148148148148148, 0.3462962962962963, 0.5007936507936508, 0.0, 0.3333333333333333, 0.13148148148148148, 0.3462962962962963, 0.3, 0.3666666666666667, 0.3333333333333333, 0.13148148148148148, 0.3462962962962963, 0.3, 0.3666666666666667, 0.5237179487179487], "subjectivities": [0.9666666666666667, 0.85, 0.7452380952380953, 0.0, 0.5319444444444444, 0.46666666666666656, 0.85, 0.7452380952380953, 0.0, 0.5319444444444444, 0.46666666666666656, 0.4770655270655271, 0.7452380952380953, 0.0, 0.5319444444444444, 0.46666666666666656, 0.4770655270655271, 0.95, 0.7000000000000001, 0.5319444444444444, 0.46666666666666656, 0.4770655270655271, 0.95, 0.7000000000000001, 0.4858974358974359],