{"analyse": [{"placeName": "Polo Astronomico de Amparo", "placeID": "ChIJfThop4klyZQRsMVIuhN0gXQ", "positivePresentage": 0, "negativePresentage": 0, "naturalPresentage": 0, "totalPolarity": 0, "totalReviews": 0, "polarityis": [], "subjectivities": [], "bestReview": null}, {"placeName": "Mundao das Trilhas", "placeID": "ChIJ4xEEXKDfyJQRPt59s-xljZI", "positivePresentage": 0, "negativePresentage": 0, "naturalPresentage": 0, "totalPolarity": 0, "totalReviews": 0, "polarityis": [], "subjectivities": [], "bestReview": null}, {"placeName": "Fazenda Benedetti", "placeID": "ChIJM4kIgsYjyZQRwccLVvoL1zM", "positivePresentage": 0, "negativePresentage": 0, "naturalPresentage": 0, "totalPolarity": 0, "totalReviews": 0, "polarityis": [], "subjectivities": [], "bestReview": null}, {"placeName": "Vinicola Terrassos", "placeID": "ChIJs5O1EzYgyZQRjI34eaBkJpw", "positivePresentage": 88.89, "negativePresentage": 0.0, "naturalPresentage": 11.11, "totalPolarity": 15.147541666666665, "totalReviews": 27, "polarityis": [0.26666666666666666, 0.5619999999999999, 0.5322916666666666, 0.0, 1.0, 0.6, 0.375, 0.5619999999999999, 0.5322916666666666, 0.0, 1.0, 0.6, 0.375, 0.6199999999999999, 0.8, 0.5322916666666666, 0.0, 1.0, 0.6, 0.375, 0.6199999999999999, 0.8, 1.0, 0.6, 0.375, 0.6199999999999999, 0.8], "subjectivities": [0.4916666666666667, 0.806, 0.7427083333333333, 0.0, 0.3, 0.5666666666666667, 0.6, 0.806, 0.7427083333333333, 0.0, 0.3, 0.5666666666666667, 0.6, 0.5, 0.95, 0.7427083333333333, 0.0, 0.3, 0.5666666666666667, 0.6, 0.5, 0.95, 0.3, 0.5666666666666667, 0.6, 0.5, 0.95], "bestReview": "Been there today and tasted syrah 2014 - best wine!!!"}]}