{"analyse": [{"placeName": "Nagadipa Purana Vihara", "placeID": "ChIJ3ZmsfVJI_joRY9n_0z8GSJI", "positivePresentage": 54.29, "negativePresentage": 20.0, "naturalPresentage": 25.71, "totalPolarity": 6.026091269841268, "totalReviews": 35, "polarityis": [0.25, -0.02777777777777778, 0.1, 0.3666666666666667, 0.46875, 0.0, 0.425, -0.07142857142857144, 0.3666666666666667, 0.46875, 0.0, 0.425, -0.07142857142857144, 0.375, 0.46875, 0.0, 0.425, -0.07142857142857144, 0.375, 0.0, 0.0, -0.041666666666666664, 0.2833333333333333, 0.02083333333333333, 0.0, 0.425, -0.07142857142857144, 0.375, 0.0, 0.0, -0.041666666666666664, 0.2833333333333333, 0.02083333333333333, 0.0, 0.5], "subjectivities": [0.75, 0.27008547008547007, 0.4, 0.7129629629629629, 0.85, 0.0, 0.65, 0.6285714285714287, 0.7129629629629629, 0.85, 0.0, 0.65, 0.6285714285714287, 0.675, 0.85, 0.0, 0.65, 0.6285714285714287, 0.675, 0.0, 0.125, 0.21458333333333332, 0.4833333333333334, 0.2708333333333333, 0.0, 0.65, 0.6285714285714287, 0.675, 0.0, 0.125, 0.21458333333333332, 0.4833333333333334, 0.2708333333333333, 0.0, 0.5], "bestReview": "The Nagadeepa Viharaya is one of the 16 most sacred places of worship in Sri Lanka. According to the chronicles, in the 5th year after enlightenment, the Lord Buddha visited Nagadeepa to settle a dispute between two Naga Kings - Chulodara and Mahodara, regarding the possession of a gem studded throne. The Bak Maha Amawaka Poya Day commemorates the Lord Buddha's visit to Nagadeepa."}, {"placeName": "Nallur Kandaswamy Kovil Festival", "placeID": "ChIJKxts7RhU_joRFhF5eEK7FXk", "positivePresentage": 73.33, "negativePresentage": 6.67, "naturalPresentage": 20.0, "totalPolarity": 4.508820346320347, "totalReviews": 30, "polarityis": [0.2619047619047619, 0.3333333333333333, 0.0, 0.2285714285714286, 0.0, -0.2, 0.0, 0.29166666666666663, 0.012499999999999997, 0.1875, 0.3333333333333333, 0.0, 0.2285714285714286, 0.0, -0.2, 0.0, 0.29166666666666663, 0.012499999999999997, 0.1875, 0.2727272727272727, 0.29166666666666663, 0.012499999999999997, 0.1875, 0.2727272727272727, 0.2166666666666667, 0.012499999999999997, 0.1875, 0.2727272727272727, 0.2166666666666667, 0.5965909090909091], "subjectivities": [0.5563492063492063, 1.0, 0.0, 0.39999999999999997, 0.0, 0.4, 0.0, 0.7416666666666667, 0.61875, 0.4375, 1.0, 0.0, 0.39999999999999997, 0.0, 0.4, 0.0, 0.7416666666666667, 0.61875, 0.4375, 0.6257575757575757, 0.7416666666666667, 0.61875, 0.4375, 0.6257575757575757, 0.3716666666666667, 0.61875, 0.4375, 0.6257575757575757, 0.3716666666666667, 0.8386363636363636], "bestReview": "Have been there just on the day of beginning new months in hindu calendar. Thousands of people, beautiful clothes of women, incredible experience.:-)"}, {"placeName": "Naga Pooshani Ambal Kovil", "placeID": "ChIJsYm_ga1J_joRWzr1LDvwVmY", "positivePresentage": 77.36, "negativePresentage": 9.43, "naturalPresentage": 13.21, "totalPolarity": 7.510558885558886, "totalReviews": 53, "polarityis": [0.0, 0.0, -0.041666666666666664, 0.0, 0.2833333333333333, 0.5, 0.3333333333333333, 0.30000000000000004, 0.16666666666666666, 0.0625, 0.08194444444444444, 0.15277777777777776, 0.5, 0.2095238095238095, 0.13333333333333333, 0.13333333333333333, 0.0, 0.30000000000000004, 0.16666666666666666, 0.0625, 0.08194444444444444, 0.15277777777777776, 0.5, 0.2095238095238095, 0.13333333333333333, 0.13333333333333333, 0.0, -0.15, 0.16666666666666666, 0.0625, 0.08194444444444444, 0.15277777777777776, 0.5, 0.2095238095238095, 0.13333333333333333, 0.13333333333333333, 0.0, -0.15, 0.1, 0.0625, 0.08194444444444444, 0.15277777777777776, 0.5, 0.2095238095238095, 0.13333333333333333, 0.13333333333333333, 0.0, -0.15, 0.1, 0.16883116883116883, 0.08333333333333333, -0.010256410256410256, 0.25], "subjectivities": [0.0, 0.125, 0.21458333333333332, 0.25, 0.4833333333333334, 0.5, 0.5833333333333333, 0.5, 0.4666666666666666, 0.275, 0.6259259259259259, 0.49722222222222223, 0.5, 0.48571428571428577, 0.6666666666666666, 0.5, 0.0, 0.5, 0.4666666666666666, 0.275, 0.6259259259259259, 0.49722222222222223, 0.5, 0.48571428571428577, 0.6666666666666666, 0.5, 0.0, 0.48333333333333334, 0.4666666666666666, 0.275, 0.6259259259259259, 0.49722222222222223, 0.5, 0.48571428571428577, 0.6666666666666666, 0.5, 0.0, 0.48333333333333334, 0.4, 0.275, 0.6259259259259259, 0.49722222222222223, 0.5, 0.48571428571428577, 0.6666666666666666, 0.5, 0.0, 0.48333333333333334, 0.4, 0.2956574675324675, 0.3833333333333333, 0.25384615384615383, 0.6499999999999999], "bestReview": "Males supposed to take off the top (shirt/ t-shirt)"}, {"placeName": "Jaffna Fort", "placeID": "ChIJAQAAtFRR_joR4N-SnYwXGkM", "positivePresentage": 72.0, "negativePresentage": 28.0, "naturalPresentage": 0.0, "totalPolarity": 4.134542748917748, "totalReviews": 25, "polarityis": [0.017410714285714307, 0.25, 0.2333333333333333, 0.8, -0.2, -0.075, 0.175, 0.25, 0.2333333333333333, 0.8, -0.2, -0.075, 0.175, 0.1897979797979798, -0.2, -0.075, 0.175, 0.1897979797979798, 0.2455357142857143, -0.075, 0.175, 0.1897979797979798, 0.2455357142857143, 0.29, 0.4], "subjectivities": [0.780357142857143, 0.5700000000000001, 0.5333333333333333, 0.44999999999999996, 0.8, 0.1, 0.6, 0.5700000000000001, 0.5333333333333333, 0.44999999999999996, 0.8, 0.1, 0.6, 0.5026262626262626, 0.8, 0.1, 0.6, 0.5026262626262626, 0.42857142857142855, 0.1, 0.6, 0.5026262626262626, 0.42857142857142855, 0.32666666666666666, 0.8], "bestReview": "The best time to view it would be at dusk as it would be rather warm otherwise "}, {"placeName": "Nallur Kovil", "placeID": "ChIJKxts7RhU_joRFhF5eEK7FXk", "positivePresentage": 90.91, "negativePresentage": 4.55, "naturalPresentage": 4.55, "totalPolarity": 6.7609126984126995, "totalReviews": 22, "polarityis": [0.05555555555555555, 0.0, -0.025, 0.32142857142857145, 0.30000000000000004, 0.140625, 0.625, 0.32142857142857145, 0.30000000000000004, 0.140625, 0.625, 0.275, 0.30000000000000004, 0.140625, 0.625, 0.275, 0.5, 0.140625, 0.625, 0.275, 0.5, 0.30000000000000004], "subjectivities": [0.3968253968253968, 0.0, 0.575, 0.6071428571428571, 0.45, 0.345, 1.0, 0.6071428571428571, 0.45, 0.345, 1.0, 0.4875, 0.45, 0.345, 1.0, 0.4875, 1.0, 0.345, 1.0, 0.4875, 1.0, 0.6], "bestReview": "Nallur hindu temple is a socially important institution for the jaffna Tamils. Beautiful  temple architectur. The poja was conducted with strict discipiline of timing . Nallur is one of the Sympolic Hindu building of Ceylon-tamils who are scattered and dispersed around the globe."}, {"placeName": "Dambakola Patuna Sangamitta Temple", "placeID": "ChIJ6ZTjbw2t_zoRbAUIp4RBbh0", "positivePresentage": 100.0, "negativePresentage": 0.0, "naturalPresentage": 0.0, "totalPolarity": 6.399462481962482, "totalReviews": 28, "polarityis": [0.5625, 0.4, 0.07878787878787878, 0.05, 0.4, 0.3333333333333333, 0.07142857142857142, 0.14999999999999997, 0.25, 0.4, 0.07878787878787878, 0.05, 0.4, 0.3333333333333333, 0.07142857142857142, 0.14999999999999997, 0.25, 0.19318181818181818, 0.07142857142857142, 0.14999999999999997, 0.25, 0.19318181818181818, 0.33999999999999997, 0.14999999999999997, 0.25, 0.19318181818181818, 0.33999999999999997, 0.2388888888888889], "subjectivities": [0.75, 0.8, 0.4515151515151515, 0.275, 0.5, 0.3333333333333333, 0.31726190476190474, 0.55, 0.45, 0.8, 0.4515151515151515, 0.275, 0.5, 0.3333333333333333, 0.31726190476190474, 0.55, 0.45, 0.3939393939393939, 0.31726190476190474, 0.55, 0.45, 0.3939393939393939, 0.44666666666666666, 0.55, 0.45, 0.3939393939393939, 0.44666666666666666, 0.7000000000000001], "bestReview": "Rich is history (the place where Sangamitta landed), the superb environment (peaceful temple, seashore in the background) adds to its appeal!"}, {"placeName": "Casuarina Beach", "placeID": "ChIJKdTQbMWy_zoR3pWxxY_LflM", "positivePresentage": 82.14, "negativePresentage": 17.86, "naturalPresentage": 0.0, "totalPolarity": 6.246327160493825, "totalReviews": 28,