{"analyse": [{"placeName": "Old Town of Galle and its Fortifications", "placeID": "ChIJXQLueKNz4ToR_sMWrhaKb7k", "positivePresentage": 88.46, "negativePresentage": 11.54, "naturalPresentage": 0.0, "totalPolarity": 5.868718253968255, "totalReviews": 26, "polarityis": [0.22827380952380952, 0.25, 0.17533333333333329, 0.1625, 0.25999999999999995, 0.6177777777777776, 0.32083333333333336, 0.25, 0.17533333333333329, 0.1625, 0.25999999999999995, 0.6177777777777776, 0.32083333333333336, -0.3666666666666667, 0.17533333333333329, 0.1625, 0.25999999999999995, 0.6177777777777776, 0.32083333333333336, -0.3666666666666667, 0.19, 0.6177777777777776, 0.32083333333333336, -0.3666666666666667, 0.19, 0.3125], "subjectivities": [0.4440476190476191, 0.5375, 0.6326666666666667, 0.75, 0.31, 0.7666666666666666, 0.7000000000000001, 0.5375, 0.6326666666666667, 0.75, 0.31, 0.7666666666666666, 0.7000000000000001, 0.7333333333333334, 0.6326666666666667, 0.75, 0.31, 0.7666666666666666, 0.7000000000000001, 0.7333333333333334, 0.55, 0.7666666666666666, 0.7000000000000001, 0.7333333333333334, 0.55, 0.5], "bestReview": "This is a very pleasant town to walk around.  Start at the clock tower and walk along the fortifications taking in the main bastion then on to the mosque and the lighthouse before going to see the Dutch Fort, Dutch Hospital & Dutch church. We had a pleasant lunch at the Rampart Hotel overlooking the sea."}, {"placeName": "Martin Wickramasinghe Folk Museum Complex", "placeID": "ChIJb18YIdFs4ToR3oQM95nNBb4", "positivePresentage": 83.33, "negativePresentage": 16.67, "naturalPresentage": 0.0, "totalPolarity": 5.031617063492064, "totalReviews": 24, "polarityis": [0.7, 0.11785714285714285, 0.35, -0.03229166666666667, 0.25, 0.023611111111111104, 0.11785714285714285, 0.35, -0.03229166666666667, 0.25, 0.023611111111111104, 0.395, 0.35, -0.03229166666666667, 0.25, 0.023611111111111104, 0.395, 0.30781250000000004, -0.03229166666666667, 0.25, 0.023611111111111104, 0.395, 0.30781250000000004, 0.27999999999999997], "subjectivities": [0.875, 0.7071428571428571, 0.375, 0.4305555555555556, 0.27777777777777773, 0.6972222222222222, 0.7071428571428571, 0.375, 0.4305555555555556, 0.27777777777777773, 0.6972222222222222, 0.4916666666666667, 0.375, 0.4305555555555556, 0.27777777777777773, 0.6972222222222222, 0.4916666666666667, 0.6, 0.4305555555555556, 0.27777777777777773, 0.6972222222222222, 0.4916666666666667, 0.6, 0.72], "bestReview": "Great explanation of the life and work of Mr. Martin Wickramasinghe...... The house is preserved nicely to show the ancient Sri Lankan culture...."}, {"placeName": "Dutch Hospital Shopping Precinct", "placeID": "ChIJewdvsyVZ4joR58SE2_jbA0s", "positivePresentage": 100.0, "negativePresentage": 0.0, "naturalPresentage": 0.0, "totalPolarity": 7.959414141414138, "totalReviews": 24, "polarityis": [0.25, 0.2833333333333333, 0.4611111111111111, 0.3499999999999999, 0.162, 0.6, 0.2833333333333333, 0.4611111111111111, 0.3499999999999999, 0.162, 0.6, 0.20454545454545453, 0.4611111111111111, 0.3499999999999999, 0.162, 0.6, 0.20454545454545453, 0.19055555555555556, 0.3499999999999999, 0.162, 0.6, 0.20454545454545453, 0.19055555555555556, 0.3166666666666667], "subjectivities": [0.45, 0.4166666666666667, 0.5611111111111111, 0.3666666666666667, 0.558, 1.0, 0.4166666666666667, 0.5611111111111111, 0.3666666666666667, 0.558, 1.0, 0.2943181818181818, 0.5611111111111111, 0.3666666666666667, 0.558, 1.0, 0.2943181818181818, 0.29111111111111115, 0.3666666666666667, 0.558, 1.0, 0.2943181818181818, 0.29111111111111115, 0.5000000000000001], "bestReview": "Nice area to stroll around though."}, {"placeName": "Dalawella Beach", "placeID": "ChIJr_OHHr1y4ToRc-FSy__PyF8", "positivePresentage": 86.21, "negativePresentage": 13.79, "naturalPresentage": 0.0, "totalPolarity": 3.7226785714285713, "totalReviews": 29, "polarityis": [0.24047619047619048, 0.32, -0.6, 0.39999999999999997, 0.15833333333333333, 0.140625, 0.012499999999999997, 0.32, -0.6, 0.39999999999999997, 0.15833333333333333, 0.140625, 0.012499999999999997, 0.2611111111111111, 0.15833333333333333, 0.140625, 0.012499999999999997, 0.2611111111111111, 0.12068452380952381, -0.125, 0.22333333333333336, 0.140625, 0.012499999999999997, 0.2611111111111111, 0.12068452380952381, -0.125, 0.22333333333333336, 0.4333333333333333, 0.5], "subjectivities": [0.661904761904762, 0.72, 0.5, 0.8, 0.5870370370370371, 0.85, 0.6249999999999999, 0.72, 0.5, 0.8, 0.5870370370370371, 0.85, 0.6249999999999999, 0.44111111111111106, 0.5870370370370371, 0.85, 0.6249999999999999, 0.44111111111111106, 0.34603174603174597, 0.375, 0.59, 0.85, 0.6249999999999999, 0.44111111111111106, 0.34603174603174597, 0.375, 0.59, 0.4833333333333334, 0.75], "bestReview": "I would recommend you but there are some better options :) "}, {"placeName": "Galle International Cricket Stadium", "placeID": "ChIJ_yzbpKRz4ToRiG99Z-qKcNM", "positivePresentage": 100.0, "negativePresentage": 0.0, "naturalPresentage": 0.0, "totalPolarity": 6.614135101010101, "totalReviews": 20, "polarityis": [0.1635416666666667, 0.18611111111111112, 0.7999999999999999, 0.2475, 0.26666666666666666, 0.18611111111111112, 0.7999999999999999, 0.2475, 0.26666666666666666, 0.44, 0.7999999999999999, 0.2475, 0.26666666666666666, 0.44, 0.078125, 0.2475, 0.26666666666666666, 0.44, 0.078125, 0.14545454545454548], "subjectivities": [0.49444444444444446, 0.44037037037037036, 0.9166666666666666, 0.5547222222222222, 0.6066666666666667, 0.44037037037037036, 0.9166666666666666, 0.5547222222222222, 0.6066666666666667, 0.76, 0.9166666666666666, 0.5547222222222222, 0.6066666666666667, 0.76, 0.2708333333333333, 0.5547222222222222, 0.6066666666666667, 0.76, 0.2708333333333333, 0.3], "bestReview": "The stadium looks really nice from the fort. It was a great feeling to observe cricket being played at the stadium. The setting is just marvelous."}, {"placeName": "Dutch Reformed Church", "placeID": "ChIJbfSPMHNZ4joREu8pmZyojDo", "positivePresentage": 100.0, "negativePresentage": 0.0, "naturalPresentage": 0.0, "totalPolarity": 6.350592185592184, "totalReviews": 20, "polarityis": [0.15138888888888885, 0.55, 0.45, 0.31666666666666665, 0.22000000000000003, 0.55, 0.45, 0.31666666666666665, 0.22000000000000003, 0.25972222222222224, 0.45, 0.31666666666666665, 0.22000000000000003, 0.25972222222222224, 0.32142857142857145, 0.31666666666666665, 0.22000000000000003, 0.25972222222222224, 0.32142857142857145, 0.18051282051282053], "subjectivities": [0.4347222222222223, 0.86875, 0.67, 0.25, 0.48, 0.86875, 0.67, 0.25, 0.48, 0.611111111111111, 0.67, 0.25, 0.48, 0.611111111111111, 0.4571428571428572, 0.25, 0.48, 0.611111111111111, 0.4571428571428572, 0.47846153846153844], "bestReview": "Stunning interior and a fascinating history make this a must see stop on any tour of Galle.  We were pushed for time but so glad we were able to have some time here."}, {"placeName": "Sinharaja Forest Reserve", "placeID": "ChIJX9QJ0Wvn4zoRG3BJBgHxDow", "positivePresentage": 63.33, "negativePresentage": 30.0, "naturalPresentage": 6.67, "totalPolarity": 4.327172619047619, "totalReviews": 30, "polarityis": [0.056696428571428564, 0.45, -0.0625, 0.0, -0.018333333333333333, 0.65, -0.16666666666666666, -0.20833333333333334, 0.07500000000000002, 0.35178571428571426, 0.45, -0.0625, 0.0, -0.018333333333333333, 0.65, -0.16666666666666666, -0.20833333333333334, 0.07500000000000002, 0.35178571428571426, 0.06666666666666667, -0.20833333333333334, 0.07500000000000002, 0.35178571428571426, 0.06666666666666667, 0.5166666666666667, 0.07500000000000002, 0.35178571428571426, 0.06666666666666667, 0.5166666666666667, 0.25],