{"analyse": [{"placeName": "Wilpattu National Park", "positivePresentage": 58.62, "negativePresentage": 41.38, "naturalPresentage": 0.0, "totalPolarity": 2.4875874125874122, "totalReviews": 29, "polarityis": [0.16666666666666666, 0.25, 0.39375, 0.20370370370370372, -0.07966564685314684, -0.21125, 0.525, -0.375, 0.39375, 0.20370370370370372, -0.07966564685314684, -0.21125, 0.525, -0.375, 0.325, 0.20370370370370372, -0.07966564685314684, -0.21125, 0.525, -0.375, 0.325, 0.10520833333333332, -0.07966564685314684, -0.21125, 0.525, -0.375, 0.325, 0.10520833333333332, 0.05055555555555555], "subjectivities": [0.5, 0.55, 0.645, 0.6506172839506174, 0.5774803321678321, 0.715, 0.2, 0.35, 0.645, 0.6506172839506174, 0.5774803321678321, 0.715, 0.2, 0.35, 0.65, 0.6506172839506174, 0.5774803321678321, 0.715, 0.2, 0.35, 0.65, 0.709375, 0.5774803321678321, 0.715, 0.2, 0.35, 0.65, 0.709375, 0.38944444444444437], "bestReview": "Seemed to have no idea where the animals might be, or the best way to not scare them off. Driver barely spoke to us. "}, {"placeName": "Ruwanwelisaya", "positivePresentage": 84.0, "negativePresentage": 0.0, "naturalPresentage": 16.0, "totalPolarity": 7.006496284019012, "totalReviews": 25, "polarityis": [1.0, 0.425, 0.16, 0.23891184573002755, 0.25376190476190474, 0.425, 0.16, 0.23891184573002755, 0.25376190476190474, 0.49958333333333327, 0.0, 0.16, 0.23891184573002755, 0.25376190476190474, 0.49958333333333327, 0.0, 0.2201923076923077, 0.23891184573002755, 0.25376190476190474, 0.49958333333333327, 0.0, 0.2201923076923077, 0.5, 0.26666666666666666, 0.0], "subjectivities": [1.0, 0.8333333333333334, 0.5399999999999999, 0.44056473829201104, 0.4548095238095238, 0.8333333333333334, 0.5399999999999999, 0.44056473829201104, 0.4548095238095238, 0.6779166666666668, 0.0, 0.5399999999999999, 0.44056473829201104, 0.4548095238095238, 0.6779166666666668, 0.0, 0.4519230769230769, 0.44056473829201104, 0.4548095238095238, 0.6779166666666668, 0.0, 0.4519230769230769, 0.5, 0.46666666666666673, 0.0], "bestReview": "It is really an impressive structure with a lot of people and things going on there. Should be seen by everybody coming into the area"}, {"placeName": "Abhayagiri Dagaba", "positivePresentage": 90.48, "negativePresentage": 9.52, "naturalPresentage": 0.0, "totalPolarity": 12.148193362193366, "totalReviews": 42, "polarityis": [-0.19, 1.0, 0.39285714285714285, 0.09210858585858585, 0.25, 0.25, 0.19187500000000002, 0.4000000000000001, 0.29333333333333333, 0.40625, 0.39, 0.25, 1.0, 0.39285714285714285, 0.09210858585858585, 0.25, 0.25, 0.19187500000000002, 0.4000000000000001, 0.29333333333333333, 0.40625, 0.39, 0.25, -0.043, 0.25, 0.19187500000000002, 0.4000000000000001, 0.29333333333333333, 0.40625, 0.39, 0.25, -0.043, 0.11071428571428572, 0.19187500000000002, 0.4000000000000001, 0.29333333333333333, 0.40625, 0.39, 0.25, -0.043, 0.11071428571428572, 0.30000000000000004], "subjectivities": [0.21000000000000002, 0.3, 0.6, 0.548989898989899, 0.375, 0.25, 0.42375, 0.9, 0.5033333333333333, 0.75, 0.5, 0.75, 0.3, 0.6, 0.548989898989899, 0.375, 0.25, 0.42375, 0.9, 0.5033333333333333, 0.75, 0.5, 0.75, 0.553, 0.25, 0.42375, 0.9, 0.5033333333333333, 0.75, 0.5, 0.75, 0.553, 0.42642857142857143, 0.42375, 0.9, 0.5033333333333333, 0.75, 0.5, 0.75, 0.553, 0.42642857142857143, 0.45], "bestReview": "There\u2019s some scaffolding on parts of this dagoba at the moment, so you\u2019ll need to find the best vantage point from which to photograph it. "}, {"placeName": "Ritigala Forest Monastery", "positivePresentage": 80.0, "negativePresentage": 7.5, "naturalPresentage": 12.5, "totalPolarity": 11.810806878306883, "totalReviews": 40, "polarityis": [0.25, 0.2625, 0.49523809523809526, 0.0, 0.016666666666666673, 0.26898148148148154, 0.2625, 0.49523809523809526, 0.0, 0.016666666666666673, 0.26898148148148154, 0.39166666666666666, 0.06833333333333334, 0.5, 0.8, 0.855, 0.49523809523809526, 0.0, 0.016666666666666673, 0.26898148148148154, 0.39166666666666666, 0.06833333333333334, 0.5, 0.8, 0.855, -0.05, 0.4, 0.0, 0.016666666666666673, 0.26898148148148154, 0.39166666666666666, 0.06833333333333334, 0.5, 0.8, 0.855, -0.05, 0.4, 0.0, 0.11249999999999999, -0.25], "subjectivities": [0.5, 0.5583333333333333, 0.6802380952380952, 0.0, 0.3666666666666667, 0.6004629629629628, 0.5583333333333333, 0.6802380952380952, 0.0, 0.3666666666666667, 0.6004629629629628, 0.44999999999999996, 0.37333333333333335, 0.95, 1.0, 0.8900000000000001, 0.6802380952380952, 0.0, 0.3666666666666667, 0.6004629629629628, 0.44999999999999996, 0.37333333333333335, 0.95, 1.0, 0.8900000000000001, 0.4, 0.375, 0.0, 0.3666666666666667, 0.6004629629629628, 0.44999999999999996, 0.37333333333333335, 0.95, 1.0, 0.8900000000000001, 0.4, 0.375, 0.0, 0.65, 0.4], "bestReview": "The preserving efforts are very good to note and and happy that the visitors have not ruined the place with their plastics and rubbish. Hope the authorities will take precautions to protect the place with plastic and rubbish invadors and will educate them to avoid the mismuses as well"}, {"placeName": "Mihintale", "positivePresentage": 100.0, "negativePresentage": 0.0, "naturalPresentage": 0.0, "totalPolarity": 6.488259970654929, "totalReviews": 25, "polarityis": [0.26749999999999996, 0.0625, 0.1638888888888889, 0.08055555555555555, 0.3, 0.14953231292517005, 0.1638888888888889, 0.08055555555555555, 0.3, 0.14953231292517005, 0.2, 0.08055555555555555, 0.3, 0.14953231292517005, 0.2, 0.3952380952380952, 0.39999999999999997, 0.7, 0.3, 0.14953231292517005, 0.2, 0.3952380952380952, 0.39999999999999997, 0.7, 0.2002100840336134], "subjectivities": [0.5750000000000001, 0.6125, 0.28611111111111115, 0.5055555555555555, 0.5875, 0.5615646258503402, 0.28611111111111115, 0.5055555555555555, 0.5875, 0.5615646258503402, 0.5, 0.5055555555555555, 0.5875, 0.5615646258503402, 0.5, 0.65, 0.5962962962962962, 0.8500000000000001, 0.5875, 0.5615646258503402, 0.5, 0.65, 0.5962962962962962, 0.8500000000000001, 0.4086834733893557], "bestReview": "The ancient hospital is fascinating. Don\u2019t miss the medication bath by the entrance "}, {"placeName": "Jaya Sri Maha Bodhi", "positivePresentage": 100.0, "negativePresentage": 0.0, "naturalPresentage": 0.0, "totalPolarity": 3.6864285714285714, "totalReviews": 20, "polarityis": [0.42857142857142855, 0.2625, 0.13333333333333333, 0.19196428571428573, 0.10416666666666666, 0.2625, 0.13333333333333333, 0.19196428571428573, 0.10416666666666666, 0.21333333333333335, 0.13333333333333333, 0.19196428571428573, 0.10416666666666666, 0.21333333333333335, 0.2, 0.19196428571428573, 0.10416666666666666, 0.21333333333333335, 0.2, 0.10833333333333334], "subjectivities": [0.4714285714285715, 0.4, 0.3416666666666666, 0.6267857142857144, 0.5833333333333333, 0.4, 0.3416666666666666, 0.6267857142857144, 0.5833333333333333, 0.4141666666666666, 0.3416666666666666, 0.6267857142857144, 0.5833333333333333, 0.4141666666666666, 0.3, 0.6267857142857144, 0.5833333333333333, 0.4141666666666666, 0.3, 0.25], "bestReview": "One of the most magnificent place in Anuradhapura. The spirituality and the presence of Lord Buddha can be felt once someone is near the age old tree. Beneath the tree the magnificent Buddha Temple with all Blue Lily flowers is worth to see."}, {"placeName": "Isurumuniya Temple", "positivePresentage": 87.88, "negativePresentage": 12.12, "naturalPresentage": 0.0, "totalPolarity": 8.330896464646464, "totalReviews": 33, "polarityis": [0.6, 0.26666666666666666, 0.20208333333333334, -0.10000000000000002, 0.25, 0.13, 0.26666666666666666, 0.20208333333333334, -0.10000000000000002, 0.25, 0.13, 0.1, 0.5, 0.5, 0.275, 0.20208333333333334, -0.10000000000000002, 0.25, 0.13, 0.1, 0.5, 0.5, 0.275, 0.495, -0.10000000000000002, 0.25, 0.13, 0.1, 0.5, 0.5, 0.275, 0.495, 0.3563131313131313],