{"analyse": [{"placeName": "Hiriketiya Beach", "placeID": "ChIJleBCm2424ToRcDaBsFA2U54", "positivePresentage": 72.31, "negativePresentage": 16.92, "naturalPresentage": 10.77, "totalPolarity": 11.88945779220779, "totalReviews": 65, "polarityis": [0.1375, 0.5, 0.5, 0.3333333333333333, 0.3, 0.4166666666666667, 0.0, -0.4, 0.1475, 0.35000000000000003, 0.6, 0.0, 0.34900000000000003, -0.13333333333333333, 0.5, 0.15714285714285717, 0.3375, 0.22916666666666666, 0.35, 0.1475, 0.35000000000000003, 0.6, 0.0, 0.34900000000000003, -0.13333333333333333, 0.5, 0.15714285714285717, 0.3375, 0.22916666666666666, 0.35, 0.16666666666666666, -0.6, 0.0, -0.25, 0.48333333333333334, 0.35000000000000003, 0.6, 0.0, 0.34900000000000003, -0.13333333333333333, 0.5, 0.15714285714285717, 0.3375, 0.22916666666666666, 0.35, 0.16666666666666666, -0.6, 0.0, -0.25, 0.48333333333333334, 0.06515151515151514, 0.34900000000000003, -0.13333333333333333, 0.5, 0.15714285714285717, 0.3375, 0.22916666666666666, 0.35, 0.16666666666666666, -0.6, 0.0, -0.25, 0.48333333333333334, 0.06515151515151514, 0.26875], "subjectivities": [0.5479166666666666, 0.8888888888888888, 0.8888888888888888, 0.9259259259259259, 0.1, 0.5833333333333334, 0.5, 0.5, 0.49000000000000005, 0.7000000000000001, 0.9, 0.0, 0.5575, 0.39999999999999997, 0.75, 0.5404761904761904, 0.48124999999999996, 0.4866666666666667, 0.55, 0.49000000000000005, 0.7000000000000001, 0.9, 0.0, 0.5575, 0.39999999999999997, 0.75, 0.5404761904761904, 0.48124999999999996, 0.4866666666666667, 0.55, 0.41666666666666663, 0.7, 0.0, 0.4, 0.8333333333333334, 0.7000000000000001, 0.9, 0.0, 0.5575, 0.39999999999999997, 0.75, 0.5404761904761904, 0.48124999999999996, 0.4866666666666667, 0.55, 0.41666666666666663, 0.7, 0.0, 0.4, 0.8333333333333334, 0.6363636363636364, 0.5575, 0.39999999999999997, 0.75, 0.5404761904761904, 0.48124999999999996, 0.4866666666666667, 0.55, 0.41666666666666663, 0.7, 0.0, 0.4, 0.8333333333333334, 0.6363636363636364, 0.5416666666666666], "bestReview": "What was once a postcard is now covered with foam board rental shops and bob marley playing tiki bars, with rubbish strewn everywhere, plastic bottles and straws lapping in the water, and beginner surfers dropping in on anybody catching a wave."}, {"placeName": "Weligama Beach", "placeID": "ChIJHwcm-0QV4ToRE7VcXUXR5HE", "positivePresentage": 92.68, "negativePresentage": 7.32, "naturalPresentage": 0.0, "totalPolarity": 12.904917582417582, "totalReviews": 41, "polarityis": [0.4880952380952381, 0.25952380952380955, 0.34444444444444444, 0.43999999999999995, 0.35416666666666663, 0.08774725274725276, 0.24583333333333335, 0.5, 0.25952380952380955, 0.34444444444444444, 0.43999999999999995, 0.35416666666666663, 0.08774725274725276, 0.24583333333333335, 0.5, 1.0, 0.3125, 0.15, 0.08333333333333333, 0.34444444444444444, 0.43999999999999995, 0.35416666666666663, 0.08774725274725276, 0.24583333333333335, 0.5, 1.0, 0.3125, 0.15, 0.08333333333333333, -0.07416666666666666, 0.43999999999999995, 0.35416666666666663, 0.08774725274725276, 0.24583333333333335, 0.5, 1.0, 0.3125, 0.15, 0.08333333333333333, -0.07416666666666666, -0.13571428571428573], "subjectivities": [0.7023809523809523, 0.4464285714285715, 0.47777777777777786, 0.7699999999999999, 0.5833333333333333, 0.4692857142857143, 0.39999999999999997, 0.44999999999999996, 0.4464285714285715, 0.47777777777777786, 0.7699999999999999, 0.5833333333333333, 0.4692857142857143, 0.39999999999999997, 0.44999999999999996, 0.3, 0.5391666666666667, 0.325, 0.3333333333333333, 0.47777777777777786, 0.7699999999999999, 0.5833333333333333, 0.4692857142857143, 0.39999999999999997, 0.44999999999999996, 0.3, 0.5391666666666667, 0.325, 0.3333333333333333, 0.8, 0.7699999999999999, 0.5833333333333333, 0.4692857142857143, 0.39999999999999997, 0.44999999999999996, 0.3, 0.5391666666666667, 0.325, 0.3333333333333333, 0.8, 0.39126984126984127], "bestReview": "We visited Weligama Beach when taking our son for a surf lesson and thought it was one of the best in our Sri Lanka vacation."}, {"placeName": "Matara Beach", "placeID": "ChIJtcX2hSk54ToR3z4BEWRbueQ", "positivePresentage": 100.0, "negativePresentage": 0.0, "naturalPresentage": 0.0, "totalPolarity": 9.435277777777776, "totalReviews": 20, "polarityis": [0.5, 0.6499999999999999, 0.45, 0.6, 0.2722222222222222, 0.6499999999999999, 0.45, 0.6, 0.2722222222222222, 0.4296296296296296, 0.45, 0.6, 0.2722222222222222, 0.4296296296296296, 0.45999999999999996, 0.6, 0.2722222222222222, 0.4296296296296296, 0.45999999999999996, 0.5875], "subjectivities": [0.6, 0.75, 0.875, 0.65, 0.7722222222222221, 0.75, 0.875, 0.65, 0.7722222222222221, 0.5851851851851853, 0.875, 0.65, 0.7722222222222221, 0.5851851851851853, 0.7000000000000001, 0.65, 0.7722222222222221, 0.5851851851851853, 0.7000000000000001, 0.7], "bestReview": "This is another patch of beach popular with locals. A good beach to go for a walk in the morning or evenings."}, {"placeName": "Weherahena Buddhist Temple", "placeID": "ChIJ5d_AHuU44ToRE9ucLQEsNHo", "positivePresentage": 81.25, "negativePresentage": 6.25, "naturalPresentage": 12.5, "totalPolarity": 10.017858850805275, "totalReviews": 32, "polarityis": [0.0, 0.07936507936507936, -0.09537037037037037, -0.009375, 0.03333333333333333, 0.21410256410256412, 0.4, 1.0, 0.0, 0.3, 0.7749999999999999, 0.22959183673469388, 0.21410256410256412, 0.4, 1.0, 0.0, 0.3, 0.7749999999999999, 0.22959183673469388, 0.030000000000000006, 1.0, 0.0, 0.3, 0.7749999999999999, 0.22959183673469388, 0.030000000000000006, 0.27, 0.7749999999999999, 0.22959183673469388, 0.030000000000000006, 0.27, 0.2333333333333333], "subjectivities": [0.0, 0.42724867724867727, 0.4425925925925926, 0.49583333333333335, 0.3166666666666667, 0.7506410256410256, 0.7, 1.0, 0.0, 0.1, 0.8, 0.4122448979591837, 0.7506410256410256, 0.7, 1.0, 0.0, 0.1, 0.8, 0.4122448979591837, 0.4800000000000001, 1.0, 0.0, 0.1, 0.8, 0.4122448979591837, 0.4800000000000001, 0.495, 0.8, 0.4122448979591837, 0.4800000000000001, 0.495, 0.9333333333333332], "bestReview": "Very impressive place. 35 meter Buddha statue with an underground tempel. The walls of the temple are painted with pictures telling the story of buddah. "}, {"placeName": "Snake Farm", "placeID": "ChIJ-XrCHUhA4ToR7Sj7Nd2oES0", "positivePresentage": 75.0, "negativePresentage": 25.0, "naturalPresentage": 0.0, "totalPolarity": 5.25364010989011, "totalReviews": 28, "polarityis": [0.65, 0.10625, -0.01134615384615385, -0.009999999999999992, 0.25, 0.22083333333333333, 0.15952380952380954, 0.10625, -0.01134615384615385, -0.009999999999999992, 0.25, 0.22083333333333333, 0.15952380952380954, 0.16458333333333333, -0.01134615384615385, -0.009999999999999992, 0.25, 0.22083333333333333, 0.15952380952380954, 0.16458333333333333, 0.6, -0.009999999999999992, 0.25, 0.22083333333333333, 0.15952380952380954, 0.16458333333333333, 0.6, 0.25], "subjectivities": [0.65, 0.605, 0.4969230769230769, 0.3, 0.55, 0.5499999999999999, 0.29047619047619044, 0.605, 0.4969230769230769, 0.3, 0.55, 0.5499999999999999, 0.29047619047619044, 0.6499999999999999, 0.4969230769230769, 0.3, 0.55, 0.5499999999999999, 0.29047619047619044, 0.6499999999999999, 0.9, 0.3, 0.55, 0.5499999999999999, 0.29047619047619044, 0.6499999999999999, 0.9, 0.3888888888888889], "bestReview": "The owner of the snake farm showed us a number of poisonous and non-poisonous snakes, introduced us to their life in nature. He also told us stories from his experience with snakes. Very interesting tour."}, {"placeName": "The Shrine of Our Lady of Matara", "placeID": "ChIJo45byik54ToRwkRhpNplrEY", "positivePresentage": 65.52, "negativePresentage": 0.0, "naturalPresentage": 34.48, "totalPolarity": 5.587890442890442, "totalReviews": 29,