{
    "analyse": [{
        "placeName": "Galle International Stadium, Galle Galle District Southern Province",
        "positivePresentage": 100.0,
        "negativePresentage": 0.0,
        "naturalPresentage": 0.0,
        "totalPolarity": 4.93719696969697,
        "totaoREviews": 20,
        "plarityis": [0.7999999999999999, 0.2475, 0.26666666666666666, 0.44, 0.078125, 0.2475, 0.26666666666666666, 0.44, 0.078125, 0.14545454545454548, 0.26666666666666666, 0.44, 0.078125, 0.14545454545454548, 0.10000000000000002, 0.44, 0.078125, 0.14545454545454548, 0.10000000000000002, 0.13333333333333336],
        "subjectivities": [0.9166666666666666, 0.5547222222222222, 0.6066666666666667, 0.76, 0.2708333333333333, 0.5547222222222222, 0.6066666666666667, 0.76, 0.2708333333333333, 0.3, 0.6066666666666667, 0.76, 0.2708333333333333, 0.3, 0.325, 0.76, 0.2708333333333333, 0.3, 0.325, 0.6361111111111111],
        "bestReview": "The stadium looks really nice from the fort. It was a great feeling to observe cricket being played at the stadium. The setting is just marvelous."
    }, {
        "placeName": "Dalawella Beach, Galle Galle District Southern Province",
        "positivePresentage": 86.21,
        "negativePresentage": 13.79,
        "naturalPresentage": 0.0,
        "totalPolarity": 3.7226785714285713,
        "totaoREviews": 29,
        "plarityis": [0.24047619047619048, 0.32, -0.6, 0.39999999999999997, 0.15833333333333333, 0.140625, 0.012499999999999997, 0.32, -0.6, 0.39999999999999997, 0.15833333333333333, 0.140625, 0.012499999999999997, 0.2611111111111111, 0.15833333333333333, 0.140625, 0.012499999999999997, 0.2611111111111111, 0.12068452380952381, -0.125, 0.22333333333333336, 0.140625, 0.012499999999999997, 0.2611111111111111, 0.12068452380952381, -0.125, 0.22333333333333336, 0.4333333333333333, 0.5],
        "subjectivities": [0.661904761904762, 0.72, 0.5, 0.8, 0.5870370370370371, 0.85, 0.6249999999999999, 0.72, 0.5, 0.8, 0.5870370370370371, 0.85, 0.6249999999999999, 0.44111111111111106, 0.5870370370370371, 0.85, 0.6249999999999999, 0.44111111111111106, 0.34603174603174597, 0.375, 0.59, 0.85, 0.6249999999999999, 0.44111111111111106, 0.34603174603174597, 0.375, 0.59, 0.4833333333333334, 0.75],
        "bestReview": "I would recommend you but there are some better options :) "
    }, {
        "placeName": "Galle Fort Lighthouse, Galle Galle District Southern Province",
        "positivePresentage": 95.0,
        "negativePresentage": 5.0,
        "naturalPresentage": 0.0,
        "totalPolarity": 6.460119047619049,
        "totaoREviews": 20,
        "plarityis": [0.7333333333333333, 0.20625, 0.4375, 0.23333333333333336, 0.2, 0.20625, 0.4375, 0.23333333333333336, 0.2, 0.7, 0.4375, 0.23333333333333336, 0.2, 0.7, 0.14375, 0.23333333333333336, 0.2, 0.7, 0.14375, -0.11904761904761905],
        "subjectivities": [0.9666666666666667, 0.7, 0.3375, 0.3833333333333333, 0.35000000000000003, 0.7, 0.3375, 0.3833333333333333, 0.35000000000000003, 0.6000000000000001, 0.3375, 0.3833333333333333, 0.35000000000000003, 0.6000000000000001, 0.39375000000000004, 0.3833333333333333, 0.35000000000000003, 0.6000000000000001, 0.39375000000000004, 0.2261904761904762],
        "bestReview": "The lighthouse is a pleasant to look at building whilst walking along the line of the fortifications."
    }, {
        "placeName": "Dutch Hospital Shopping Precinct, Galle Galle District Southern Province",
        "positivePresentage": 100.0,
        "negativePresentage": 0.0,
        "naturalPresentage": 0.0,
        "totalPolarity": 7.959414141414138,
        "totaoREviews": 24,
        "plarityis": [0.25, 0.2833333333333333, 0.4611111111111111, 0.3499999999999999, 0.162, 0.6, 0.2833333333333333, 0.4611111111111111, 0.3499999999999999, 0.162, 0.6, 0.20454545454545453, 0.4611111111111111, 0.3499999999999999, 0.162, 0.6, 0.20454545454545453, 0.19055555555555556, 0.3499999999999999, 0.162, 0.6, 0.20454545454545453, 0.19055555555555556, 0.3166666666666667],
        "subjectivities": [0.45, 0.4166666666666667, 0.5611111111111111, 0.3666666666666667, 0.558, 1.0, 0.4166666666666667, 0.5611111111111111, 0.3666666666666667, 0.558, 1.0, 0.2943181818181818, 0.5611111111111111, 0.3666666666666667, 0.558, 1.0, 0.2943181818181818, 0.29111111111111115, 0.3666666666666667, 0.558, 1.0, 0.2943181818181818, 0.29111111111111115, 0.5000000000000001],
        "bestReview": "Nice area to stroll around though."
    }, {
        "placeName": "Dutch Reformed Church, Galle Galle District Southern Province",
        "positivePresentage": 100.0,
        "negativePresentage": 0.0,
        "naturalPresentage": 0.0,
        "totalPolarity": 6.350592185592184,
        "totaoREviews": 20,
        "plarityis": [0.15138888888888885, 0.55, 0.45, 0.31666666666666665, 0.22000000000000003, 0.55, 0.45, 0.31666666666666665, 0.22000000000000003, 0.25972222222222224, 0.45, 0.31666666666666665, 0.22000000000000003, 0.25972222222222224, 0.32142857142857145, 0.31666666666666665, 0.22000000000000003, 0.25972222222222224, 0.32142857142857145, 0.18051282051282053],
        "subjectivities": [0.4347222222222223, 0.86875, 0.67, 0.25, 0.48, 0.86875, 0.67, 0.25, 0.48, 0.611111111111111, 0.67, 0.25, 0.48, 0.611111111111111, 0.4571428571428572, 0.25, 0.48, 0.611111111111111, 0.4571428571428572, 0.47846153846153844],
        "bestReview": "Stunning interior and a fascinating history make this a must see stop on any tour of Galle.  We were pushed for time but so glad we were able to have some time here."
    }, {
        "placeName": "Galle Fort, Galle Galle District Southern Province",
        "positivePresentage": 100.0,
        "negativePresentage": 0.0,
        "naturalPresentage": 0.0,
        "totalPolarity": 10.06509788359788,
        "totaoREviews": 28,
        "plarityis": [0.3201904761904762, 0.6, 0.11689814814814814, 0.041666666666666664, 0.48888888888888893, 0.5, 0.5666666666666667, 0.17666666666666667, 0.43999999999999995, 0.6, 0.11689814814814814, 0.041666666666666664, 0.48888888888888893, 0.5, 0.5666666666666667, 0.17666666666666667, 0.43999999999999995, 0.26666666666666666, 0.5666666666666667, 0.17666666666666667, 0.43999999999999995, 0.26666666666666666, 0.4166666666666666, 0.17666666666666667, 0.43999999999999995, 0.26666666666666666, 0.4166666666666666, 0.45],
        "subjectivities": [0.5336190476190475, 0.6833333333333332, 0.5407407407407407, 0.5483333333333333, 0.7999999999999999, 0.7, 0.7000000000000001, 0.505, 0.4600000000000001, 0.6833333333333332, 0.5407407407407407, 0.5483333333333333, 0.7999999999999999, 0.7, 0.7000000000000001, 0.505, 0.4600000000000001, 0.19999999999999998, 0.7000000000000001, 0.505, 0.4600000000000001, 0.19999999999999998, 0.5708333333333333, 0.505, 0.4600000000000001, 0.19999999999999998, 0.5708333333333333, 0.7314814814814814],
        "bestReview": "Short trip from hotel by tuk tuk. Great views out to sea from the fortress walls with a cooling breeze. Excellent photo opportunity."
    }, {
        "placeName": "Martin Wickramasinghe Folk Museum Complex, Galle Galle District Southern Province",
        "positivePresentage": 83.33,
        "negativePresentage": 16.67,
        "naturalPresentage": 0.0,
        "totalPolarity": 5.031617063492064,
        "totaoREviews": 24,
        "plarityis": [0.7, 0.11785714285714285, 0.35, -0.03229166666666667, 0.25, 0.023611111111111104, 0.11785714285714285, 0.35, -0.03229166666666667, 0.25, 0.023611111111111104, 0.395, 0.35, -0.03229166666666667, 0.25, 0.023611111111111104, 0.395, 0.30781250000000004, -0.03229166666666667, 0.25, 0.023611111111111104, 0.395, 0.30781250000000004, 0.27999999999999997],